{"_id":{"$oid":"58ee6a7a77266e3fca3e5474"},"searchURL":"/dataset/lov/vocabs","date":{"$date":"2017-04-12T17:57:14.833Z"},"category":"vocabularySearch","method":"ui","nbResults":"0","__v":0}
{"_id":{"$oid":"58ee6a7f77266e3fca3e5475"},"searchURL":"/dataset/lov/terms","date":{"$date":"2017-04-12T17:57:19.831Z"},"category":"termSearch","method":"ui","nbResults":"0","__v":0}
{"_id":{"$oid":"58ee6a8277266e3fca3e5476"},"searchURL":"/dataset/lov/agents","date":{"$date":"2017-04-12T17:57:22.743Z"},"category":"agentSearch","method":"ui","nbResults":"0","__v":0}
{"_id":{"$oid":"58ee6a8877266e3fca3e5477"},"searchURL":"/dataset/lov/vocabs","date":{"$date":"2017-04-12T17:57:28.704Z"},"category":"vocabularySearch","method":"ui","nbResults":"0","__v":0}
{"_id":{"$oid":"58ee6a9277266e3fca3e5478"},"searchURL":"/dataset/lov/vocabs","date":{"$date":"2017-04-12T17:57:38.144Z"},"category":"vocabularySearch","method":"ui","nbResults":"0","__v":0}
{"_id":{"$oid":"58ee6a9d77266e3fca3e5479"},"searchURL":"/dataset/lov/vocabs","date":{"$date":"2017-04-12T17:57:49.641Z"},"category":"vocabularySearch","method":"ui","nbResults":"0","__v":0}
{"_id":{"$oid":"58ee6ca877266e3fca3e547a"},"searchURL":"/dataset/lov/vocabs","date":{"$date":"2017-04-12T18:06:32.718Z"},"category":"vocabularySearch","method":"ui","nbResults":"0","__v":0}
{"_id":{"$oid":"58ee6ccf77266e3fca3e547b"},"searchURL":"/dataset/lov/agents","date":{"$date":"2017-04-12T18:07:11.936Z"},"category":"agentSearch","method":"ui","nbResults":"0","__v":0}
{"_id":{"$oid":"58ee6cd377266e3fca3e547c"},"searchWords":"","searchURL":"/dataset/lov/agents?q=","date":{"$date":"2017-04-12T18:07:15.564Z"},"category":"agentSearch","method":"ui","nbResults":"0","__v":0}
{"_id":{"$oid":"58ee6cda77266e3fca3e547d"},"searchURL":"/dataset/lov/terms","date":{"$date":"2017-04-12T18:07:22.386Z"},"category":"termSearch","method":"ui","nbResults":"0","__v":0}
{"_id":{"$oid":"58ee6cdc77266e3fca3e547e"},"searchURL":"/dataset/lov/vocabs","date":{"$date":"2017-04-12T18:07:24.808Z"},"category":"vocabularySearch","method":"ui","nbResults":"0","__v":0}
{"_id":{"$oid":"58ee6ce277266e3fca3e547f"},"searchWords":"","searchURL":"/dataset/lov/vocabs?q=","date":{"$date":"2017-04-12T18:07:30.976Z"},"category":"vocabularySearch","method":"ui","nbResults":"0","__v":0}
{"_id":{"$oid":"58ee6ce777266e3fca3e5480"},"searchWords":"owl","searchURL":"/dataset/lov/vocabs?q=owl","date":{"$date":"2017-04-12T18:07:35.910Z"},"category":"vocabularySearch","method":"ui","nbResults":"0","__v":0}
{"_id":{"$oid":"58ee6cec77266e3fca3e5481"},"searchWords":"lov","searchURL":"/dataset/lov/vocabs?q=lov","date":{"$date":"2017-04-12T18:07:40.429Z"},"category":"vocabularySearch","method":"ui","nbResults":"0","__v":0}
{"_id":{"$oid":"58ee6cf077266e3fca3e5482"},"searchWords":"ssn","searchURL":"/dataset/lov/vocabs?q=ssn","date":{"$date":"2017-04-12T18:07:44.413Z"},"category":"vocabularySearch","method":"ui","nbResults":"0","__v":0}
{"_id":{"$oid":"58ee6d0b77266e3fca3e5483"},"searchWords":"semantic","searchURL":"/dataset/lov/vocabs?q=semantic","date":{"$date":"2017-04-12T18:08:11.007Z"},"category":"vocabularySearch","method":"ui","nbResults":"0","__v":0}
{"_id":{"$oid":"58ee6d1677266e3fca3e5484"},"searchWords":"ssn","searchURL":"/dataset/lov/terms?q=ssn","date":{"$date":"2017-04-12T18:08:22.761Z"},"category":"termSearch","method":"ui","nbResults":"0","__v":0}
{"_id":{"$oid":"58ee6d1977266e3fca3e5485"},"searchWords":"ssn","searchURL":"/dataset/lov/terms?q=ssn","date":{"$date":"2017-04-12T18:08:25.890Z"},"category":"termSearch","method":"ui","nbResults":"0","__v":0}
{"_id":{"$oid":"58ee6d2777266e3fca3e5486"},"searchURL":"/dataset/lov/vocabs?tag=Vocabularies","date":{"$date":"2017-04-12T18:08:39.585Z"},"category":"vocabularySearch","method":"ui","nbResults":"0","__v":0}
{"_id":{"$oid":"58ee6d3077266e3fca3e5487"},"searchURL":"/dataset/lov/vocabs?tag=RDF","date":{"$date":"2017-04-12T18:08:48.082Z"},"category":"vocabularySearch","method":"ui","nbResults":"0","__v":0}
{"_id":{"$oid":"58ee71bf54c5bb4450b66eb7"},"searchURL":"/dataset/lov/vocabs","date":{"$date":"2017-04-12T18:28:15.977Z"},"category":"vocabularySearch","method":"ui","nbResults":"0","__v":0}
{"_id":{"$oid":"58ee71c254c5bb4450b66eb8"},"searchURL":"/dataset/lov/terms","date":{"$date":"2017-04-12T18:28:18.958Z"},"category":"termSearch","method":"ui","nbResults":"0","__v":0}
{"_id":{"$oid":"58f63a4c479c721de0492a05"},"searchURL":"/dataset/lov/vocabs","date":{"$date":"2017-04-18T16:09:48.447Z"},"category":"vocabularySearch","method":"ui","nbResults":"475","__v":0}
{"_id":{"$oid":"58f63a67479c721de0492a06"},"searchURL":"/dataset/lov/vocabs","date":{"$date":"2017-04-18T16:10:15.863Z"},"category":"vocabularySearch","method":"ui","nbResults":"475","__v":0}
{"_id":{"$oid":"58f63a6f479c721de0492a07"},"searchWords":"ssn","searchURL":"/dataset/lov/vocabs?q=ssn","date":{"$date":"2017-04-18T16:10:23.242Z"},"category":"vocabularySearch","method":"ui","nbResults":"3","__v":0}
{"_id":{"$oid":"58f63b0984c91d1e70dc7579"},"searchWords":"cf","searchURL":"/dataset/lov/vocabs?q=cf","date":{"$date":"2017-04-18T16:12:57.298Z"},"category":"vocabularySearch","method":"ui","nbResults":"1","__v":0}
{"_id":{"$oid":"58f63b1184c91d1e70dc757a"},"searchURL":"/dataset/lov/vocabs","date":{"$date":"2017-04-18T16:13:05.781Z"},"category":"vocabularySearch","method":"ui","nbResults":"475","__v":0}
{"_id":{"$oid":"58f63b3084c91d1e70dc757b"},"searchURL":"/dataset/lov/vocabs","date":{"$date":"2017-04-18T16:13:36.518Z"},"category":"vocabularySearch","method":"ui","nbResults":"475","__v":0}
{"_id":{"$oid":"58f63b3a84c91d1e70dc757c"},"searchWords":"cf","searchURL":"/dataset/lov/vocabs?q=cf","date":{"$date":"2017-04-18T16:13:46.404Z"},"category":"vocabularySearch","method":"ui","nbResults":"1","__v":0}
{"_id":{"$oid":"58f63b4484c91d1e70dc757d"},"searchURL":"/dataset/lov/terms","date":{"$date":"2017-04-18T16:13:56.778Z"},"category":"termSearch","method":"ui","nbResults":"46849","__v":0}
{"_id":{"$oid":"58f63b4f84c91d1e70dc757e"},"searchURL":"/dataset/lov/vocabs","date":{"$date":"2017-04-18T16:14:07.366Z"},"category":"vocabularySearch","method":"ui","nbResults":"475","__v":0}
{"_id":{"$oid":"58f8785b7e62cb2068115245"},"searchURL":"/dataset/lov/vocabs","date":{"$date":"2017-04-20T08:59:07.176Z"},"category":"vocabularySearch","method":"ui","nbResults":"0","__v":0}
{"_id":{"$oid":"58f878957e62cb2068115246"},"searchURL":"/dataset/lov/vocabs","date":{"$date":"2017-04-20T09:00:05.111Z"},"category":"vocabularySearch","method":"ui","nbResults":"0","__v":0}
{"_id":{"$oid":"58f8789b7e62cb2068115247"},"searchWords":"ssn","searchURL":"/dataset/lov/vocabs?q=ssn","date":{"$date":"2017-04-20T09:00:11.407Z"},"category":"vocabularySearch","method":"ui","nbResults":"0","__v":0}
{"_id":{"$oid":"58f878a27e62cb2068115248"},"searchURL":"/dataset/lov/vocabs","date":{"$date":"2017-04-20T09:00:18.646Z"},"category":"vocabularySearch","method":"ui","nbResults":"0","__v":0}
{"_id":{"$oid":"58f878a57e62cb2068115249"},"searchURL":"/dataset/lov/agents","date":{"$date":"2017-04-20T09:00:21.193Z"},"category":"agentSearch","method":"ui","nbResults":"0","__v":0}
{"_id":{"$oid":"58f8790488d61e2792044f2b"},"searchURL":"/dataset/lov/vocabs","date":{"$date":"2017-04-20T09:01:56.359Z"},"category":"vocabularySearch","method":"ui","nbResults":"0","__v":0}
{"_id":{"$oid":"58f8791488d61e2792044f2c"},"searchURL":"/dataset/lov/terms","date":{"$date":"2017-04-20T09:02:12.482Z"},"category":"termSearch","method":"ui","nbResults":"0","__v":0}
{"_id":{"$oid":"58f8791688d61e2792044f2d"},"searchURL":"/dataset/lov/agents","date":{"$date":"2017-04-20T09:02:14.497Z"},"category":"agentSearch","method":"ui","nbResults":"0","__v":0}
{"_id":{"$oid":"58fda2b34075790dd0f7a270"},"searchURL":"/dataset/lov/vocabs","date":{"$date":"2017-04-24T07:01:07.871Z"},"category":"vocabularySearch","method":"ui","nbResults":"0","__v":0}
{"_id":{"$oid":"58fda2bd4075790dd0f7a271"},"searchURL":"/dataset/lov/terms","date":{"$date":"2017-04-24T07:01:17.710Z"},"category":"termSearch","method":"ui","nbResults":"0","__v":0}
{"_id":{"$oid":"58fdaae164b41b0becc1d8ab"},"searchURL":"/dataset/lov/vocabs?tag=RDF","date":{"$date":"2017-04-24T07:36:01.644Z"},"category":"vocabularySearch","method":"ui","nbResults":"0","__v":0}
{"_id":{"$oid":"58fdaae464b41b0becc1d8ac"},"searchURL":"/dataset/lov/vocabs","date":{"$date":"2017-04-24T07:36:04.980Z"},"category":"vocabularySearch","method":"ui","nbResults":"0","__v":0}
{"_id":{"$oid":"58fdabb064b41b0becc1d8ad"},"searchURL":"/dataset/lov/vocabs","date":{"$date":"2017-04-24T07:39:28.055Z"},"category":"vocabularySearch","method":"ui","nbResults":"0","__v":0}
{"_id":{"$oid":"58fdabfd64b41b0becc1d8ae"},"searchURL":"/dataset/lov/vocabs","date":{"$date":"2017-04-24T07:40:45.066Z"},"category":"vocabularySearch","method":"ui","nbResults":"0","__v":0}
{"_id":{"$oid":"58fdad1064b41b0becc1d8af"},"searchURL":"/dataset/lov/vocabs","date":{"$date":"2017-04-24T07:45:20.965Z"},"category":"vocabularySearch","method":"ui","nbResults":"0","__v":0}
{"_id":{"$oid":"58fdad3d64b41b0becc1d8b0"},"searchURL":"/dataset/lov/agents","date":{"$date":"2017-04-24T07:46:05.413Z"},"category":"agentSearch","method":"ui","nbResults":"0","__v":0}
{"_id":{"$oid":"58fdad5e64b41b0becc1d8b1"},"searchURL":"/dataset/lov/vocabs","date":{"$date":"2017-04-24T07:46:38.409Z"},"category":"vocabularySearch","method":"ui","nbResults":"0","__v":0}
{"_id":{"$oid":"58fdad7e64b41b0becc1d8b2"},"searchURL":"/dataset/lov/vocabs","date":{"$date":"2017-04-24T07:47:10.525Z"},"category":"vocabularySearch","method":"ui","nbResults":"0","__v":0}
{"_id":{"$oid":"58ff50cfd48027308648ea26"},"searchURL":"/dataset/lov/vocabs","date":{"$date":"2017-04-25T13:36:15.652Z"},"category":"vocabularySearch","method":"ui","nbResults":"0","__v":0}
{"_id":{"$oid":"58ff511bd48027308648ea27"},"searchURL":"/dataset/lov/vocabs","date":{"$date":"2017-04-25T13:37:31.478Z"},"category":"vocabularySearch","method":"ui","nbResults":"0","__v":0}
{"_id":{"$oid":"58ff705cf74913413c66be17"},"searchURL":"/dataset/lov/vocabs","date":{"$date":"2017-04-25T15:50:52.712Z"},"category":"vocabularySearch","method":"ui","nbResults":"0","__v":0}
{"_id":{"$oid":"5900bb168a1b9024b3eab1d6"},"searchURL":"/dataset/lov/vocabs","date":{"$date":"2017-04-26T15:21:58.510Z"},"category":"vocabularySearch","method":"ui","nbResults":"0","__v":0}
{"_id":{"$oid":"5900bb228a1b9024b3eab1d7"},"searchURL":"/dataset/lov/agents","date":{"$date":"2017-04-26T15:22:10.615Z"},"category":"agentSearch","method":"ui","nbResults":"0","__v":0}
{"_id":{"$oid":"5900bb278a1b9024b3eab1d8"},"searchURL":"/dataset/lov/terms","date":{"$date":"2017-04-26T15:22:15.324Z"},"category":"termSearch","method":"ui","nbResults":"0","__v":0}
{"_id":{"$oid":"5902f24c1a87c2442049b650"},"searchURL":"/dataset/lov/vocabs","date":{"$date":"2017-04-28T07:42:04.900Z"},"category":"vocabularySearch","method":"ui","nbResults":"0","__v":0}
{"_id":{"$oid":"5902f2531a87c2442049b651"},"searchWords":"ssn","searchURL":"/dataset/lov/vocabs?q=ssn","date":{"$date":"2017-04-28T07:42:11.260Z"},"category":"vocabularySearch","method":"ui","nbResults":"0","__v":0}
{"_id":{"$oid":"590873295eaf732b4feeed71"},"searchURL":"/dataset/lov/vocabs","date":{"$date":"2017-05-02T11:53:13.016Z"},"category":"vocabularySearch","method":"ui","nbResults":"0","__v":0}
{"_id":{"$oid":"5908759a5eaf732b4feeed78"},"searchURL":"/dataset/lov/vocabs","date":{"$date":"2017-05-02T12:03:38.666Z"},"category":"vocabularySearch","method":"ui","nbResults":"0","__v":0}
{"_id":{"$oid":"59089aeb95913d168ac2e6ee"},"searchURL":"/dataset/lov/vocabs","date":{"$date":"2017-05-02T14:42:51.560Z"},"category":"vocabularySearch","method":"ui","nbResults":"0","__v":0}
{"_id":{"$oid":"59089b9c95913d168ac2e6ef"},"searchURL":"/dataset/lov/agents","date":{"$date":"2017-05-02T14:45:48.282Z"},"category":"agentSearch","method":"ui","nbResults":"0","__v":0}
{"_id":{"$oid":"59089b9f95913d168ac2e6f0"},"searchURL":"/dataset/lov/terms","date":{"$date":"2017-05-02T14:45:51.514Z"},"category":"termSearch","method":"ui","nbResults":"0","__v":0}
{"_id":{"$oid":"59089ba295913d168ac2e6f1"},"searchURL":"/dataset/lov/vocabs","date":{"$date":"2017-05-02T14:45:54.060Z"},"category":"vocabularySearch","method":"ui","nbResults":"0","__v":0}
{"_id":{"$oid":"5908a64f95913d168ac2e6fc"},"searchURL":"/dataset/lov/vocabs","date":{"$date":"2017-05-02T15:31:27.467Z"},"category":"vocabularySearch","method":"ui","nbResults":"0","__v":0}
{"_id":{"$oid":"59107fe0edbcdd4a44efeef8"},"searchURL":"/dataset/lov/vocabs","date":{"$date":"2017-05-08T14:25:36.227Z"},"category":"vocabularySearch","method":"ui","nbResults":"0","__v":0}
{"_id":{"$oid":"59107ffcedbcdd4a44efeef9"},"searchWords":"","searchURL":"/dataset/lov/vocabs?q=","date":{"$date":"2017-05-08T14:26:04.296Z"},"category":"vocabularySearch","method":"ui","nbResults":"0","__v":0}
{"_id":{"$oid":"59108000edbcdd4a44efeefa"},"searchURL":"/dataset/lov/terms","date":{"$date":"2017-05-08T14:26:08.284Z"},"category":"termSearch","method":"ui","nbResults":"0","__v":0}
{"_id":{"$oid":"59108002edbcdd4a44efeefb"},"searchURL":"/dataset/lov/agents","date":{"$date":"2017-05-08T14:26:10.334Z"},"category":"agentSearch","method":"ui","nbResults":"0","__v":0}
{"_id":{"$oid":"59108014edbcdd4a44efeefc"},"searchURL":"/dataset/lov/vocabs","date":{"$date":"2017-05-08T14:26:28.734Z"},"category":"vocabularySearch","method":"ui","nbResults":"0","__v":0}
{"_id":{"$oid":"5910813a58fe534b5a669a5e"},"searchURL":"/dataset/lov/vocabs","date":{"$date":"2017-05-08T14:31:22.096Z"},"category":"vocabularySearch","method":"ui","nbResults":"0","__v":0}
{"_id":{"$oid":"591084f08006874ebbcab4c9"},"searchURL":"/dataset/lov/vocabs","date":{"$date":"2017-05-08T14:47:12.463Z"},"category":"vocabularySearch","method":"ui","nbResults":"0","__v":0}
{"_id":{"$oid":"5912dcee5d49571e87254965"},"searchURL":"/dataset/lov/vocabs","date":{"$date":"2017-05-10T09:27:10.480Z"},"category":"vocabularySearch","method":"ui","nbResults":"0","__v":0}
{"_id":{"$oid":"5912deda8b5bc810040f9149"},"searchURL":"/dataset/lov/vocabs","date":{"$date":"2017-05-10T09:35:22.901Z"},"category":"vocabularySearch","method":"ui","nbResults":"0","__v":0}
{"_id":{"$oid":"5912dee08b5bc810040f914a"},"searchURL":"/dataset/lov/terms","date":{"$date":"2017-05-10T09:35:28.931Z"},"category":"termSearch","method":"ui","nbResults":"0","__v":0}
{"_id":{"$oid":"5912e06c8b5bc810040f914b"},"searchURL":"/dataset/lov/terms","date":{"$date":"2017-05-10T09:42:04.122Z"},"category":"termSearch","method":"ui","nbResults":"0","__v":0}
{"_id":{"$oid":"5912e6418b5bc810040f914c"},"searchURL":"/dataset/lov/vocabs","date":{"$date":"2017-05-10T10:06:57.920Z"},"category":"vocabularySearch","method":"ui","nbResults":"0","__v":0}
{"_id":{"$oid":"5912f8088b5bc810040f914d"},"searchURL":"/dataset/lov/vocabs","date":{"$date":"2017-05-10T11:22:48.053Z"},"category":"vocabularySearch","method":"ui","nbResults":"0","__v":0}
{"_id":{"$oid":"5912f80c8b5bc810040f914e"},"searchURL":"/dataset/lov/agents","date":{"$date":"2017-05-10T11:22:52.130Z"},"category":"agentSearch","method":"ui","nbResults":"4","__v":0}
{"_id":{"$oid":"5912f8558b5bc810040f914f"},"searchURL":"/dataset/lov/agents?\u0026type=organization","date":{"$date":"2017-05-10T11:24:05.902Z"},"category":"agentSearch","method":"ui","nbResults":"3","__v":0}
{"_id":{"$oid":"5912f8fe3437162755132484"},"searchURL":"/dataset/lov/agents?\u0026type=organization","date":{"$date":"2017-05-10T11:26:54.407Z"},"category":"agentSearch","method":"ui","nbResults":"3","__v":0}
{"_id":{"$oid":"591322d8f38eb70edf02b9f6"},"searchURL":"/dataset/lov/vocabs","date":{"$date":"2017-05-10T14:25:28.255Z"},"category":"vocabularySearch","method":"ui","nbResults":"3","__v":0}
{"_id":{"$oid":"591322e5f38eb70edf02b9f7"},"searchURL":"/dataset/lov/terms","date":{"$date":"2017-05-10T14:25:41.924Z"},"category":"termSearch","method":"ui","nbResults":"2","__v":0}
{"_id":{"$oid":"591322eef38eb70edf02b9f8"},"searchURL":"/dataset/lov/agents","date":{"$date":"2017-05-10T14:25:50.831Z"},"category":"agentSearch","method":"ui","nbResults":"4","__v":0}
{"_id":{"$oid":"59132853f38eb70edf02b9f9"},"searchURL":"/dataset/lov/vocabs","date":{"$date":"2017-05-10T14:48:51.010Z"},"category":"vocabularySearch","method":"ui","nbResults":"3","__v":0}
{"_id":{"$oid":"59132857f38eb70edf02b9fa"},"searchURL":"/dataset/lov/vocabs?\u0026tag=RDF","date":{"$date":"2017-05-10T14:48:55.878Z"},"category":"vocabularySearch","method":"ui","nbResults":"1","__v":0}
{"_id":{"$oid":"5913285cf38eb70edf02b9fb"},"searchURL":"/dataset/lov/vocabs?\u0026tag=RDF,Vocabularies","date":{"$date":"2017-05-10T14:49:00.583Z"},"category":"vocabularySearch","method":"ui","nbResults":"1","__v":0}
{"_id":{"$oid":"59132872f38eb70edf02b9fc"},"searchURL":"/dataset/lov/terms","date":{"$date":"2017-05-10T14:49:22.069Z"},"category":"termSearch","method":"ui","nbResults":"2","__v":0}
{"_id":{"$oid":"59132877f38eb70edf02b9fd"},"searchURL":"/dataset/lov/agents","date":{"$date":"2017-05-10T14:49:27.983Z"},"category":"agentSearch","method":"ui","nbResults":"4","__v":0}
{"_id":{"$oid":"59133a4bf38eb70edf02ba01"},"searchURL":"/dataset/lov/terms","date":{"$date":"2017-05-10T16:05:31.049Z"},"category":"termSearch","method":"ui","nbResults":"2","__v":0}
{"_id":{"$oid":"59133a60f38eb70edf02ba02"},"searchURL":"/dataset/lov/agents","date":{"$date":"2017-05-10T16:05:52.212Z"},"category":"agentSearch","method":"ui","nbResults":"4","__v":0}
{"_id":{"$oid":"59133a71f38eb70edf02ba03"},"searchURL":"/dataset/lov/agents","date":{"$date":"2017-05-10T16:06:09.623Z"},"category":"agentSearch","method":"ui","nbResults":"4","__v":0}
{"_id":{"$oid":"5919bb45c10eca37ea33d3ff"},"searchURL":"/dataset/lov/vocabs","date":{"$date":"2017-05-15T14:29:25.482Z"},"category":"vocabularySearch","method":"ui","nbResults":"4","__v":0}
{"_id":{"$oid":"5919bb4fc10eca37ea33d400"},"searchURL":"/dataset/lov/terms","date":{"$date":"2017-05-15T14:29:35.334Z"},"category":"termSearch","method":"ui","nbResults":"68","__v":0}
{"_id":{"$oid":"5919bb68c10eca37ea33d401"},"searchURL":"/dataset/lov/vocabs","date":{"$date":"2017-05-15T14:30:00.753Z"},"category":"vocabularySearch","method":"ui","nbResults":"4","__v":0}
{"_id":{"$oid":"5919bb74c10eca37ea33d402"},"searchURL":"/dataset/lov/terms","date":{"$date":"2017-05-15T14:30:12.282Z"},"category":"termSearch","method":"ui","nbResults":"68","__v":0}
{"_id":{"$oid":"5919bb88c10eca37ea33d403"},"searchURL":"/dataset/lov/vocabs","date":{"$date":"2017-05-15T14:30:32.257Z"},"category":"vocabularySearch","method":"ui","nbResults":"4","__v":0}
{"_id":{"$oid":"5919bb96c10eca37ea33d404"},"searchURL":"/dataset/lov/terms","date":{"$date":"2017-05-15T14:30:46.936Z"},"category":"termSearch","method":"ui","nbResults":"68","__v":0}
{"_id":{"$oid":"5919bba1c10eca37ea33d405"},"searchURL":"/dataset/lov/terms?\u0026page=7","date":{"$date":"2017-05-15T14:30:57.060Z"},"category":"termSearch","method":"ui","nbResults":"68","__v":0}
{"_id":{"$oid":"5919bdd0c10eca37ea33d410"},"searchURL":"/dataset/lov/terms","date":{"$date":"2017-05-15T14:40:16.001Z"},"category":"termSearch","method":"ui","nbResults":"68","__v":0}
{"_id":{"$oid":"5919bdfbc10eca37ea33d411"},"searchWords":"subproperty","searchURL":"/dataset/lov/terms?q=subproperty","date":{"$date":"2017-05-15T14:40:59.419Z"},"category":"termSearch","method":"ui","nbResults":"0","__v":0}
{"_id":{"$oid":"5919bdffc10eca37ea33d412"},"searchURL":"/dataset/lov/vocabs","date":{"$date":"2017-05-15T14:41:03.262Z"},"category":"vocabularySearch","method":"ui","nbResults":"4","__v":0}
{"_id":{"$oid":"5919be53c10eca37ea33d413"},"searchURL":"/dataset/lov/vocabs","date":{"$date":"2017-05-15T14:42:27.451Z"},"category":"vocabularySearch","method":"ui","nbResults":"7","__v":0}
{"_id":{"$oid":"5919be72c10eca37ea33d414"},"searchURL":"/dataset/lov/terms","date":{"$date":"2017-05-15T14:42:58.481Z"},"category":"termSearch","method":"ui","nbResults":"158","__v":0}
{"_id":{"$oid":"5919bef3c10eca37ea33d415"},"searchURL":"/dataset/lov/vocabs","date":{"$date":"2017-05-15T14:45:07.236Z"},"category":"vocabularySearch","method":"ui","nbResults":"7","__v":0}
{"_id":{"$oid":"5919bf0ac10eca37ea33d416"},"searchURL":"/dataset/lov/agents","date":{"$date":"2017-05-15T14:45:30.773Z"},"category":"agentSearch","method":"ui","nbResults":"6","__v":0}
{"_id":{"$oid":"5919c0b6c10eca37ea33d417"},"searchURL":"/dataset/lov/vocabs","date":{"$date":"2017-05-15T14:52:38.404Z"},"category":"vocabularySearch","method":"ui","nbResults":"7","__v":0}
{"_id":{"$oid":"5919c11ec10eca37ea33d418"},"searchURL":"/dataset/lov/vocabs","date":{"$date":"2017-05-15T14:54:22.183Z"},"category":"vocabularySearch","method":"ui","nbResults":"6","__v":0}
{"_id":{"$oid":"5919cc4337b8e5416da03fd0"},"searchURL":"/dataset/lov/vocabs","date":{"$date":"2017-05-15T15:41:55.247Z"},"category":"vocabularySearch","method":"ui","nbResults":"5","__v":0}
{"_id":{"$oid":"5919cd0537b8e5416da03fd1"},"searchURL":"/dataset/lov/terms","date":{"$date":"2017-05-15T15:45:09.126Z"},"category":"termSearch","method":"ui","nbResults":"105","__v":0}
{"_id":{"$oid":"5919cd1037b8e5416da03fd2"},"searchURL":"/dataset/lov/terms","date":{"$date":"2017-05-15T15:45:20.635Z"},"category":"termSearch","method":"ui","nbResults":"105","__v":0}
{"_id":{"$oid":"5919cda137b8e5416da03fd3"},"searchURL":"/dataset/lov/terms","date":{"$date":"2017-05-15T15:47:45.366Z"},"category":"termSearch","method":"ui","nbResults":"105","__v":0}
{"_id":{"$oid":"5919cdb237b8e5416da03fd4"},"searchURL":"/dataset/lov/vocabs","date":{"$date":"2017-05-15T15:48:02.884Z"},"category":"vocabularySearch","method":"ui","nbResults":"6","__v":0}
{"_id":{"$oid":"591b024b0b1b38182e2c9fa6"},"searchURL":"/dataset/lov/vocabs","date":{"$date":"2017-05-16T13:44:43.970Z"},"category":"vocabularySearch","method":"ui","nbResults":"5","__v":0}
{"_id":{"$oid":"591b02820b1b38182e2c9fa7"},"searchURL":"/dataset/lov/terms","date":{"$date":"2017-05-16T13:45:38.626Z"},"category":"termSearch","method":"ui","nbResults":"105","__v":0}
{"_id":{"$oid":"591b02870b1b38182e2c9fa8"},"searchURL":"/dataset/lov/agents","date":{"$date":"2017-05-16T13:45:43.864Z"},"category":"agentSearch","method":"ui","nbResults":"5","__v":0}
{"_id":{"$oid":"591b05f5e50e8519d6821259"},"searchURL":"/dataset/lov/vocabs","date":{"$date":"2017-05-16T14:00:21.697Z"},"category":"vocabularySearch","method":"ui","nbResults":"5","__v":0}
{"_id":{"$oid":"591b0669e50e8519d682125a"},"searchURL":"/dataset/lov/vocabs","date":{"$date":"2017-05-16T14:02:17.029Z"},"category":"vocabularySearch","method":"ui","nbResults":"5","__v":0}
{"_id":{"$oid":"591b066be50e8519d682125b"},"searchURL":"/dataset/lov/terms","date":{"$date":"2017-05-16T14:02:19.354Z"},"category":"termSearch","method":"ui","nbResults":"105","__v":0}
{"_id":{"$oid":"591b066de50e8519d682125c"},"searchURL":"/dataset/lov/agents","date":{"$date":"2017-05-16T14:02:21.343Z"},"category":"agentSearch","method":"ui","nbResults":"5","__v":0}
{"_id":{"$oid":"591b0a9b06ac111cb4de4fa3"},"searchURL":"/dataset/lov/vocabs","date":{"$date":"2017-05-16T14:20:11.551Z"},"category":"vocabularySearch","method":"ui","nbResults":"5","__v":0}
{"_id":{"$oid":"591b0a9e06ac111cb4de4fa4"},"searchURL":"/dataset/lov/terms","date":{"$date":"2017-05-16T14:20:14.060Z"},"category":"termSearch","method":"ui","nbResults":"105","__v":0}
{"_id":{"$oid":"591b0a9f06ac111cb4de4fa5"},"searchURL":"/dataset/lov/agents","date":{"$date":"2017-05-16T14:20:15.873Z"},"category":"agentSearch","method":"ui","nbResults":"5","__v":0}
{"_id":{"$oid":"591b0cb806ac111cb4de4fa6"},"searchURL":"/dataset/lov/vocabs","date":{"$date":"2017-05-16T14:29:12.603Z"},"category":"vocabularySearch","method":"ui","nbResults":"5","__v":0}
{"_id":{"$oid":"591b0cbc06ac111cb4de4fa7"},"searchURL":"/dataset/lov/terms","date":{"$date":"2017-05-16T14:29:16.824Z"},"category":"termSearch","method":"ui","nbResults":"105","__v":0}
{"_id":{"$oid":"591b0cc206ac111cb4de4fa8"},"searchURL":"/dataset/lov/agents","date":{"$date":"2017-05-16T14:29:22.039Z"},"category":"agentSearch","method":"ui","nbResults":"5","__v":0}
