{"_id":"LEV2as1ImDf2f70SCQVEk7Za","session":"{\"cookie\":{\"originalMaxAge\":null,\"expires\":null,\"httpOnly\":true,\"path\":\"/\"},\"flash\":{},\"_csrfSecret\":\"m1nXaud2QyMHgWPtyHPoEHBX\",\"passport\":{\"user\":\"58ecc2f427b4ad12142c026d\"},\"returnTo\":\"/edition/lov\"}","expires":{"$date":"2017-05-30T14:30:42.821Z"}}
{"_id":"7MFkgPq9az6sBHYRgpuEtqQv","session":"{\"cookie\":{\"originalMaxAge\":null,\"expires\":null,\"httpOnly\":true,\"path\":\"/\"},\"flash\":{},\"_csrfSecret\":\"XkixsgAT8UssDU1xudBhXXqD\"}","expires":{"$date":"2017-05-16T15:30:33.819Z"}}
{"_id":"I14baRxxxtFYZoIoCWNOEQbE","session":"{\"cookie\":{\"originalMaxAge\":null,\"expires\":null,\"httpOnly\":true,\"path\":\"/\"},\"flash\":{},\"_csrfSecret\":\"KuDFe6BxwBHXACWi97TGpiG0\"}","expires":{"$date":"2017-05-16T15:30:34.880Z"}}
{"_id":"puAeQVKQ8hH90zoK0sUkhHAR","session":"{\"cookie\":{\"originalMaxAge\":null,\"expires\":null,\"httpOnly\":true,\"path\":\"/\"},\"flash\":{},\"_csrfSecret\":\"wM3r4n72A67LOndwOh2Zd6fb\"}","expires":{"$date":"2017-05-16T15:30:35.045Z"}}
{"_id":"L82MLHn7E3NFSlG6k3uiYPza","session":"{\"cookie\":{\"originalMaxAge\":null,\"expires\":null,\"httpOnly\":true,\"path\":\"/\"},\"flash\":{},\"_csrfSecret\":\"SL68e0qXeMwMFvCjEeQ5FsrR\"}","expires":{"$date":"2017-05-22T14:37:57.080Z"}}
{"_id":"drv9jFA6H4V8kcMIjHUF7sES","session":"{\"cookie\":{\"originalMaxAge\":null,\"expires\":null,\"httpOnly\":true,\"path\":\"/\"},\"flash\":{},\"_csrfSecret\":\"ACYAO5OhrSmPOfCqtSPozriA\"}","expires":{"$date":"2017-05-22T14:37:59.651Z"}}
{"_id":"KHfWoNmJQV7Cdht0FywM9Cgp","session":"{\"cookie\":{\"originalMaxAge\":null,\"expires\":null,\"httpOnly\":true,\"path\":\"/\"},\"flash\":{},\"_csrfSecret\":\"OaEajU4y3TrzPFB7e4y1lZHe\"}","expires":{"$date":"2017-05-22T14:38:00.035Z"}}
{"_id":"aZHS9Lx2GTBxnYdu9q0fDtaK","session":"{\"cookie\":{\"originalMaxAge\":null,\"expires\":null,\"httpOnly\":true,\"path\":\"/\"},\"flash\":{},\"_csrfSecret\":\"ShINaA5zdp73KPuKYRtLKDlh\"}","expires":{"$date":"2017-05-24T14:21:38.362Z"}}
{"_id":"eEuwuzfH34FupUDo0QH9yJWi","session":"{\"cookie\":{\"originalMaxAge\":null,\"expires\":null,\"httpOnly\":true,\"path\":\"/\"},\"flash\":{},\"_csrfSecret\":\"ux1E5r4isxmcomBePZtS2Bwm\"}","expires":{"$date":"2017-05-24T14:21:39.873Z"}}
{"_id":"cJply8e9tzmPxHEhDaQEQj7Q","session":"{\"cookie\":{\"originalMaxAge\":null,\"expires\":null,\"httpOnly\":true,\"path\":\"/\"},\"flash\":{},\"_csrfSecret\":\"F6w9wQOhuTEMraMRxM8vNhEI\"}","expires":{"$date":"2017-05-24T14:21:40.088Z"}}
{"_id":"SYuBxYW9yfoQk89vg0T9nESq","session":"{\"cookie\":{\"originalMaxAge\":null,\"expires\":null,\"httpOnly\":true,\"path\":\"/\"},\"flash\":{},\"_csrfSecret\":\"X2uHVPjYEMl9XOCZFGrPTDZs\"}","expires":{"$date":"2017-05-24T14:35:15.029Z"}}
{"_id":"87MfbVY8z9w83QKG8P6EDDOw","session":"{\"cookie\":{\"originalMaxAge\":null,\"expires\":null,\"httpOnly\":true,\"path\":\"/\"},\"flash\":{},\"_csrfSecret\":\"qeAxEezSrKU6bv83zuxv6B0r\"}","expires":{"$date":"2017-05-24T14:35:16.057Z"}}
{"_id":"aN6ZpaRpCsE3mqGVer68traV","session":"{\"cookie\":{\"originalMaxAge\":null,\"expires\":null,\"httpOnly\":true,\"path\":\"/\"},\"flash\":{},\"_csrfSecret\":\"wASOq0VnrAyQoPhIRcIG6SwR\"}","expires":{"$date":"2017-05-24T14:35:16.214Z"}}
{"_id":"z5JP9RfQPFFwPhOjFpKDWjo7","session":"{\"cookie\":{\"originalMaxAge\":null,\"expires\":null,\"httpOnly\":true,\"path\":\"/\"},\"flash\":{},\"_csrfSecret\":\"trUSepNOrL9eTOqYDh7SfR8B\"}","expires":{"$date":"2017-05-24T14:44:42.935Z"}}
{"_id":"AbQdwy0uU5sENHNMWdMydfXc","session":"{\"cookie\":{\"originalMaxAge\":null,\"expires\":null,\"httpOnly\":true,\"path\":\"/\"},\"flash\":{},\"_csrfSecret\":\"2cbXOAFHklKtJDymADHh4ENI\"}","expires":{"$date":"2017-05-24T14:44:44.025Z"}}
{"_id":"8Bv4TEEPt50HEzFRPRHYA3uz","session":"{\"cookie\":{\"originalMaxAge\":null,\"expires\":null,\"httpOnly\":true,\"path\":\"/\"},\"flash\":{},\"_csrfSecret\":\"UlVVLG9FBPELyncqW0LEH7eH\"}","expires":{"$date":"2017-05-24T14:44:44.240Z"}}
{"_id":"qHObPqdK6vlmCrq0TYGP8OmD","session":"{\"cookie\":{\"originalMaxAge\":null,\"expires\":null,\"httpOnly\":true,\"path\":\"/\"},\"flash\":{},\"_csrfSecret\":\"MeTfttdZutS9FMCFZ9ugrAVm\"}","expires":{"$date":"2017-05-29T13:14:39.681Z"}}
{"_id":"bdLRtXn3QIDlvGRdvoe5Aq80","session":"{\"cookie\":{\"originalMaxAge\":null,\"expires\":null,\"httpOnly\":true,\"path\":\"/\"},\"flash\":{},\"_csrfSecret\":\"ZimPaX24YW7WtZpR76tGrz0r\"}","expires":{"$date":"2017-05-29T13:14:41.004Z"}}
{"_id":"NMgKsOiA5V931lHlDv6UkcFW","session":"{\"cookie\":{\"originalMaxAge\":null,\"expires\":null,\"httpOnly\":true,\"path\":\"/\"},\"flash\":{},\"_csrfSecret\":\"iBn7b64kFvDnSygLAot0xmYC\"}","expires":{"$date":"2017-05-29T13:14:41.182Z"}}
{"_id":"IbEZCESizCOO5uhmjkfV04L2","session":"{\"cookie\":{\"originalMaxAge\":null,\"expires\":null,\"httpOnly\":true,\"path\":\"/\"},\"flash\":{},\"_csrfSecret\":\"6Qm4ezg1SWxBvbACzdydS4pk\"}","expires":{"$date":"2017-05-29T14:21:21.902Z"}}
{"_id":"OUB4hNN6bbEUGvNA6sSoVAJl","session":"{\"cookie\":{\"originalMaxAge\":null,\"expires\":null,\"httpOnly\":true,\"path\":\"/\"},\"flash\":{},\"_csrfSecret\":\"8eNOylyCPHIABhOCr6uYHcSM\"}","expires":{"$date":"2017-05-29T14:21:23.218Z"}}
{"_id":"l1Nv8rz0JNkHziEo3D6Z69NH","session":"{\"cookie\":{\"originalMaxAge\":null,\"expires\":null,\"httpOnly\":true,\"path\":\"/\"},\"flash\":{},\"_csrfSecret\":\"ghC1p60PU3V0RUXPJN6KHgUG\"}","expires":{"$date":"2017-05-29T14:21:23.442Z"}}
{"_id":"kdFjrBDHze9U0OqT9sS2ypDy","session":"{\"cookie\":{\"originalMaxAge\":null,\"expires\":null,\"httpOnly\":true,\"path\":\"/\"},\"flash\":{},\"_csrfSecret\":\"KhwTow0qJQxxmSYtwYa6Kud2\"}","expires":{"$date":"2017-05-29T14:21:25.176Z"}}
{"_id":"SyTHNl9RuHt8d57m9JCnj7Ke","session":"{\"cookie\":{\"originalMaxAge\":null,\"expires\":null,\"httpOnly\":true,\"path\":\"/\"},\"flash\":{},\"_csrfSecret\":\"kk9gcmqtulwwPQmBebRE25KZ\"}","expires":{"$date":"2017-05-29T14:39:01.437Z"}}
{"_id":"P0XG5TmzCGcbPLFpSaHFLT7C","session":"{\"cookie\":{\"originalMaxAge\":null,\"expires\":null,\"httpOnly\":true,\"path\":\"/\"},\"flash\":{},\"_csrfSecret\":\"buvFROVlg5X8fGBRBpn0lfWM\"}","expires":{"$date":"2017-05-29T14:39:02.766Z"}}
{"_id":"Ixg32EmBqo0EwTZtcbVgjIgD","session":"{\"cookie\":{\"originalMaxAge\":null,\"expires\":null,\"httpOnly\":true,\"path\":\"/\"},\"flash\":{},\"_csrfSecret\":\"cO4RMhyRHQKvpL4IZkQkvXQI\"}","expires":{"$date":"2017-05-29T14:39:02.946Z"}}
{"_id":"yHPU9K463LFXSO98RhtNhA1T","session":"{\"cookie\":{\"originalMaxAge\":null,\"expires\":null,\"httpOnly\":true,\"path\":\"/\"},\"flash\":{},\"_csrfSecret\":\"EGNJJ5ih7aXcNcA5tcfHnWBk\"}","expires":{"$date":"2017-05-29T14:39:04.055Z"}}
{"_id":"WpG6HelsuEaO0bK7UBYqM2gC","session":"{\"cookie\":{\"originalMaxAge\":null,\"expires\":null,\"httpOnly\":true,\"path\":\"/\"},\"flash\":{},\"_csrfSecret\":\"UVkCOCoE8Ul7BNTeGUGY6fJz\"}","expires":{"$date":"2017-05-29T14:39:04.107Z"}}
{"_id":"GKnQvn0fkRLK4o75G9NU4ZeF","session":"{\"cookie\":{\"originalMaxAge\":null,\"expires\":null,\"httpOnly\":true,\"path\":\"/\"},\"flash\":{},\"_csrfSecret\":\"5vWJ8ViNfX94Hk51ME9onqpP\"}","expires":{"$date":"2017-05-29T14:39:04.189Z"}}
{"_id":"DDHBJd1RLgWHE5r4i6pTLJwi","session":"{\"cookie\":{\"originalMaxAge\":null,\"expires\":null,\"httpOnly\":true,\"path\":\"/\"},\"flash\":{},\"_csrfSecret\":\"pNAbQJxXDbRYrNnETJu9qAua\"}","expires":{"$date":"2017-05-29T14:55:25.688Z"}}
{"_id":"yVjnx0FUjvGeahp9IutqMvcS","session":"{\"cookie\":{\"originalMaxAge\":null,\"expires\":null,\"httpOnly\":true,\"path\":\"/\"},\"flash\":{},\"_csrfSecret\":\"WhvCwbIbaKuRWXm5FuWjDss4\"}","expires":{"$date":"2017-05-29T15:40:53.187Z"}}
{"_id":"boXmdx6BY1oQC0r8RsxAbIM2","session":"{\"cookie\":{\"originalMaxAge\":null,\"expires\":null,\"httpOnly\":true,\"path\":\"/\"},\"flash\":{},\"_csrfSecret\":\"tMFjPk3WDhO5EZQVxlgkkt1W\"}","expires":{"$date":"2017-05-29T15:40:53.529Z"}}
{"_id":"JwloEYW1EtwySSFw3ZxTV7LN","session":"{\"cookie\":{\"originalMaxAge\":null,\"expires\":null,\"httpOnly\":true,\"path\":\"/\"},\"flash\":{},\"_csrfSecret\":\"L5rYV5NIbfgttxfCap7Gm4ki\"}","expires":{"$date":"2017-05-29T15:40:53.699Z"}}
{"_id":"eiHxmsuz2JBZFqToMZlJ8Jxt","session":"{\"cookie\":{\"originalMaxAge\":null,\"expires\":null,\"httpOnly\":true,\"path\":\"/\"},\"flash\":{},\"_csrfSecret\":\"M9mPcJw5b6q9rYme0X6hBZep\"}","expires":{"$date":"2017-05-29T15:40:53.798Z"}}
{"_id":"fjMoovpXuMGnpPnSEf6Bizpd","session":"{\"cookie\":{\"originalMaxAge\":null,\"expires\":null,\"httpOnly\":true,\"path\":\"/\"},\"flash\":{},\"_csrfSecret\":\"tP2bC1w8dwogeExf0OsxxD8j\"}","expires":{"$date":"2017-05-29T15:40:53.999Z"}}
{"_id":"srU3CXN3X5Di5pCHiXeqRf5X","session":"{\"cookie\":{\"originalMaxAge\":null,\"expires\":null,\"httpOnly\":true,\"path\":\"/\"},\"flash\":{},\"_csrfSecret\":\"UD4ku6EDjCjEZjLK2qMhI34J\"}","expires":{"$date":"2017-05-29T15:44:11.452Z"}}
{"_id":"KltP1NOEoMF3Gv8I6LFl3glM","session":"{\"cookie\":{\"originalMaxAge\":null,\"expires\":null,\"httpOnly\":true,\"path\":\"/\"},\"flash\":{},\"_csrfSecret\":\"M7fiQGXEkji6UHj4ZkwezPRK\"}","expires":{"$date":"2017-05-29T15:44:11.732Z"}}
{"_id":"O20DXlzCa5tcs2NoO823Rwjk","session":"{\"cookie\":{\"originalMaxAge\":null,\"expires\":null,\"httpOnly\":true,\"path\":\"/\"},\"flash\":{},\"_csrfSecret\":\"dyTnb1Kn4PLnrZaTZ6JAhzwo\"}","expires":{"$date":"2017-05-29T15:44:11.931Z"}}
{"_id":"LXD1n35RAss8w7GsnDvUalwE","session":"{\"cookie\":{\"originalMaxAge\":null,\"expires\":null,\"httpOnly\":true,\"path\":\"/\"},\"flash\":{},\"_csrfSecret\":\"d8xNzDgv3LPKuAYAGLA2w8GC\"}","expires":{"$date":"2017-05-29T15:44:12.078Z"}}
{"_id":"y0gk8U8fxAnK0tGOGOvDpuhG","session":"{\"cookie\":{\"originalMaxAge\":null,\"expires\":null,\"httpOnly\":true,\"path\":\"/\"},\"flash\":{},\"_csrfSecret\":\"xpt1JmtMGGeO6ScDbbVGBD0c\"}","expires":{"$date":"2017-05-29T15:52:17.729Z"}}
{"_id":"DWCU4YB5UMGuaYCq8jbPZgbt","session":"{\"cookie\":{\"originalMaxAge\":null,\"expires\":null,\"httpOnly\":true,\"path\":\"/\"},\"flash\":{},\"_csrfSecret\":\"sFBllSqV7sQHh1VzezifpEzi\"}","expires":{"$date":"2017-05-29T15:52:17.931Z"}}
{"_id":"Qa9grg59jBU3LclFq5ziHpD1","session":"{\"cookie\":{\"originalMaxAge\":null,\"expires\":null,\"httpOnly\":true,\"path\":\"/\"},\"flash\":{},\"_csrfSecret\":\"WsHlC4fHxgjP9YHvkHJDa65L\"}","expires":{"$date":"2017-05-29T15:52:18.042Z"}}
{"_id":"kkd8gbgHGLaxdoEEXIW6i75F","session":"{\"cookie\":{\"originalMaxAge\":null,\"expires\":null,\"httpOnly\":true,\"path\":\"/\"},\"flash\":{},\"_csrfSecret\":\"VV6S7xA2xyIVMvd6TFOdbdTG\"}","expires":{"$date":"2017-05-29T15:52:18.087Z"}}
{"_id":"LIUD3s5yCMF1uCMhftbK0CsJ","session":"{\"cookie\":{\"originalMaxAge\":null,\"expires\":null,\"httpOnly\":true,\"path\":\"/\"},\"flash\":{},\"_csrfSecret\":\"AQsWUQ07vbgcYaMUbhCjiwgn\"}","expires":{"$date":"2017-05-29T15:52:18.393Z"}}
{"_id":"rooJcsSAcjQiKdfT8oDXguR4","session":"{\"cookie\":{\"originalMaxAge\":null,\"expires\":null,\"httpOnly\":true,\"path\":\"/\"},\"flash\":{},\"_csrfSecret\":\"x7BjvhQWF8phwxphnU2rQs6n\"}","expires":{"$date":"2017-05-29T16:04:54.963Z"}}
{"_id":"BncPQFmC91OxauP1CtjOUNCy","session":"{\"cookie\":{\"originalMaxAge\":null,\"expires\":null,\"httpOnly\":true,\"path\":\"/\"},\"flash\":{},\"_csrfSecret\":\"qBNTfHtbuWdpJjHvVZIqZ7UG\"}","expires":{"$date":"2017-05-29T16:04:55.209Z"}}
{"_id":"Z4H8auitdpDCJMAd3HteDXmG","session":"{\"cookie\":{\"originalMaxAge\":null,\"expires\":null,\"httpOnly\":true,\"path\":\"/\"},\"flash\":{},\"_csrfSecret\":\"CRMga26TIOM3XIGCzO7GExRb\"}","expires":{"$date":"2017-05-29T16:04:55.309Z"}}
{"_id":"RXIk9XkFki6r4TvJBUzM1aB3","session":"{\"cookie\":{\"originalMaxAge\":null,\"expires\":null,\"httpOnly\":true,\"path\":\"/\"},\"flash\":{},\"_csrfSecret\":\"c7McIOyBYRXWi4rHA56rhzJi\"}","expires":{"$date":"2017-05-29T16:04:55.387Z"}}
{"_id":"kFURU3BDGoDsfKcQ045xm3iP","session":"{\"cookie\":{\"originalMaxAge\":null,\"expires\":null,\"httpOnly\":true,\"path\":\"/\"},\"flash\":{},\"_csrfSecret\":\"zcmAIO3akGNtU9Vd6kf9wflK\"}","expires":{"$date":"2017-05-29T16:04:55.556Z"}}
{"_id":"poqijRo7rIXjp1QFaUDt9z6p","session":"{\"cookie\":{\"originalMaxAge\":null,\"expires\":null,\"httpOnly\":true,\"path\":\"/\"},\"flash\":{},\"_csrfSecret\":\"JTh6YW3SgLtFxFtDKhSoUEGr\"}","expires":{"$date":"2017-05-29T16:07:38.528Z"}}
{"_id":"yBrD9rSxncsTmHQaKCMSbi7S","session":"{\"cookie\":{\"originalMaxAge\":null,\"expires\":null,\"httpOnly\":true,\"path\":\"/\"},\"flash\":{},\"_csrfSecret\":\"FTHR77QTvEP6pHPdj3URGoZ0\"}","expires":{"$date":"2017-05-29T16:07:38.807Z"}}
{"_id":"zgqgO8s1J3kBU78c816lEvjw","session":"{\"cookie\":{\"originalMaxAge\":null,\"expires\":null,\"httpOnly\":true,\"path\":\"/\"},\"flash\":{},\"_csrfSecret\":\"TvMqIT98jcYi0pPHHT1pOklk\"}","expires":{"$date":"2017-05-29T16:07:38.900Z"}}
{"_id":"8TyDWAD6DktRpJIHtHG9mLI4","session":"{\"cookie\":{\"originalMaxAge\":null,\"expires\":null,\"httpOnly\":true,\"path\":\"/\"},\"flash\":{},\"_csrfSecret\":\"iKMcVTSJMpJeskxgp1Kf6K6Q\"}","expires":{"$date":"2017-05-29T16:07:38.960Z"}}
{"_id":"bpdGbkbQaCCfxwJpIVg4MlvO","session":"{\"cookie\":{\"originalMaxAge\":null,\"expires\":null,\"httpOnly\":true,\"path\":\"/\"},\"flash\":{},\"_csrfSecret\":\"X8j2ltZ6Psfn0eUQ5QXTIP8a\"}","expires":{"$date":"2017-05-29T16:07:39.114Z"}}
