{"_id":{"$oid":"5919d18f0572a38d19687ae4"},"uri":"http://www.w3.org/2002/07/owl","nsp":"http://www.w3.org/2002/07/owl","prefix":"owl","nbIncomingLinks":0,"nbOutgoingLinks":6,"outRelMetadata":["5919d18f0572a38d19687ae5","5919d18f0572a38d19687ae6"],"outRelSpecializes":["5919d18f0572a38d19687ae5","5919d18f0572a38d19687ae6"],"outRelGeneralizes":[],"outRelExtends":["5919d18f0572a38d19687ae5","5919d18f0572a38d19687ae6"],"outRelEquivalent":[],"outRelDisjunc":[],"outRelImports":[]}
{"_id":{"$oid":"5919d18f0572a38d19687ae5"},"uri":"http://www.w3.org/1999/02/22-rdf-syntax-ns#","nsp":"http://www.w3.org/1999/02/22-rdf-syntax-ns#","prefix":"rdf","nbIncomingLinks":9,"nbOutgoingLinks":4,"outRelMetadata":["5919d18f0572a38d19687ae6"],"outRelSpecializes":["5919d18f0572a38d19687ae6"],"outRelGeneralizes":["5919d18f0572a38d19687ae6"],"outRelExtends":["5919d18f0572a38d19687ae6"],"outRelEquivalent":[],"outRelDisjunc":[],"outRelImports":[],"incomRelMetadata":["5919d18f0572a38d19687ae4","5919d18f0572a38d19687ae6","5919d18f0572a38d19687ae7","5919d18f0572a38d19687ae8"],"incomRelSpecializes":["5919d18f0572a38d19687ae4","5919d18f0572a38d19687ae6"],"incomRelGeneralizes":["5919d18f0572a38d19687ae6"],"incomRelExtends":["5919d18f0572a38d19687ae4","5919d18f0572a38d19687ae6"]}
{"_id":{"$oid":"5919d18f0572a38d19687ae6"},"uri":"http://www.w3.org/2000/01/rdf-schema#","nsp":"http://www.w3.org/2000/01/rdf-schema#","prefix":"rdfs","nbIncomingLinks":10,"nbOutgoingLinks":4,"outRelMetadata":["5919d18f0572a38d19687ae5"],"outRelSpecializes":["5919d18f0572a38d19687ae5"],"outRelGeneralizes":["5919d18f0572a38d19687ae5"],"outRelExtends":["5919d18f0572a38d19687ae5"],"outRelEquivalent":[],"outRelDisjunc":[],"outRelImports":[],"incomRelMetadata":["5919d18f0572a38d19687ae4","5919d18f0572a38d19687ae5","5919d18f0572a38d19687ae7","5919d18f0572a38d19687ae8"],"incomRelSpecializes":["5919d18f0572a38d19687ae4","5919d18f0572a38d19687ae5","5919d18f0572a38d19687ae8"],"incomRelGeneralizes":["5919d18f0572a38d19687ae5"],"incomRelExtends":["5919d18f0572a38d19687ae4","5919d18f0572a38d19687ae5"]}
{"_id":{"$oid":"5919d18f0572a38d19687ae7"},"uri":"https://www.w3.org/ns/ssn","nsp":"https://www.w3.org/ns/ssn","prefix":"ssn","nbIncomingLinks":0,"nbOutgoingLinks":2,"outRelMetadata":["5919d18f0572a38d19687ae5","5919d18f0572a38d19687ae6"],"outRelSpecializes":[],"outRelGeneralizes":[],"outRelExtends":[],"outRelEquivalent":[],"outRelDisjunc":[],"outRelImports":[]}
{"_id":{"$oid":"5919d18f0572a38d19687ae8"},"uri":"http://mmisw.org/ont/cf/parameter","nsp":"http://mmisw.org/ont/cf/parameter","prefix":"cf","nbIncomingLinks":0,"nbOutgoingLinks":3,"outRelMetadata":["5919d18f0572a38d19687ae5","5919d18f0572a38d19687ae6"],"outRelSpecializes":["5919d18f0572a38d19687ae6"],"outRelGeneralizes":[],"outRelExtends":[],"outRelEquivalent":[],"outRelDisjunc":[],"outRelImports":[]}
