{"_id":{"$oid":"5919c3fec10eca37ea33d41b"},"uri":"http://www.w3.org/2002/07/owl","nsp":"http://www.w3.org/2002/07/owl","prefix":"owl","titles":[{"value":"The OWL 2 Schema Vocabulary","lang":"en"}],"descriptions":[{"value":"This ontology partially describes the built-in classes and properties that together form the basis of the RDF/XML syntax of OWL 2.","lang":"en"}],"tags":["Vocabularies","W3C Rec"],"createdInLOVAt":{"$date":"2017-05-15T00:00:00.000Z"},"lastModifiedInLOVAt":{"$date":"2017-05-15T15:31:08.902Z"},"issuedAt":{"$date":"2002-07-02T00:00:00.000Z"},"lastDeref":{"$date":"2017-05-15T15:31:08.902Z"},"homepage":"http://www.w3.org/TR/owl2-rdf-based-semantics/","creatorIds":[],"contributorIds":[],"publisherIds":["5919c3eec10eca37ea33d41a"],"reviews":[{"body":"added","createdAt":{"$date":"2017-05-15T00:00:00.000Z"},"agentId":"58ecc25e134d30dfa9dbcb64"}],"versions":[{"name":"v2017-05-15","fileURL":"http://localhost:3333/dataset/lov/vocabs/owl/versions/2017-05-15.n3","issued":{"$date":"2017-05-15T15:31:08.902Z"},"classNumber":26,"propertyNumber":51,"instanceNumber":14,"datatypeNumber":0,"relMetadata":["http://purl.org/dc/elements/1.1/","http://www.w3.org/1999/02/22-rdf-syntax-ns#","http://www.w3.org/2000/01/rdf-schema#","http://www.w3.org/2003/g/data-view#"],"relSpecializes":["http://www.w3.org/1999/02/22-rdf-syntax-ns#","http://www.w3.org/2000/01/rdf-schema#"],"relExtends":["http://www.w3.org/1999/02/22-rdf-syntax-ns#","http://www.w3.org/2000/01/rdf-schema#","http://www.w3.org/2001/XMLSchema#"],"relImports":["http://www.w3.org/2000/01/"],"isReviewed":false,"reviewed":false}],"datasets":[]}
{"_id":{"$oid":"5919c4a1c10eca37ea33d421"},"uri":"http://www.w3.org/1999/02/22-rdf-syntax-ns#","nsp":"http://www.w3.org/1999/02/22-rdf-syntax-ns#","prefix":"rdf","titles":[{"value":"The RDF Concepts Vocabulary","lang":"en"}],"descriptions":[{"value":"This is the RDF Schema for the RDF vocabulary terms in the RDF Namespace, defined in RDF 1.1 Concepts.","lang":"en"}],"tags":["Vocabularies","RDF","W3C Rec"],"createdInLOVAt":{"$date":"2017-05-15T00:00:00.000Z"},"lastModifiedInLOVAt":{"$date":"2017-05-15T15:31:09.287Z"},"lastDeref":{"$date":"2017-05-15T15:31:09.287Z"},"homepage":"http://www.w3.org/TR/rdf11-concepts/","creatorIds":["5919c483c10eca37ea33d420"],"contributorIds":[],"publisherIds":["5919c3eec10eca37ea33d41a"],"reviews":[{"body":"added","createdAt":{"$date":"2017-05-15T00:00:00.000Z"},"agentId":"58ecc25e134d30dfa9dbcb64"}],"versions":[{"name":"v2017-05-15","fileURL":"http://localhost:3333/dataset/lov/vocabs/rdf/versions/2017-05-15.n3","issued":{"$date":"2017-05-15T15:31:09.287Z"},"classNumber":10,"propertyNumber":7,"instanceNumber":8,"datatypeNumber":4,"relMetadata":["http://purl.org/dc/elements/1.1/","http://www.w3.org/2000/01/rdf-schema#"],"relSpecializes":["http://www.w3.org/2000/01/rdf-schema#"],"relGeneralizes":["http://www.w3.org/2000/01/rdf-schema#"],"relExtends":["http://www.w3.org/2000/01/rdf-schema#"],"isReviewed":false,"reviewed":false}],"datasets":[]}
{"_id":{"$oid":"5919c52fc10eca37ea33d426"},"uri":"http://www.w3.org/2000/01/rdf-schema#","nsp":"http://www.w3.org/2000/01/rdf-schema#","prefix":"rdfs","titles":[{"value":"The RDF Schema Vocabulary","lang":"en"}],"descriptions":[{"value":"RDF Schema provides a data-modelling vocabulary for RDF data. RDF Schema is an extension of the basic RDF vocabulary.","lang":"en"}],"tags":["Vocabularies","W3C Rec"],"createdInLOVAt":{"$date":"2017-05-15T00:00:00.000Z"},"lastModifiedInLOVAt":{"$date":"2017-05-15T15:31:09.620Z"},"issuedAt":{"$date":"2000-01-01T00:00:00.000Z"},"lastDeref":{"$date":"2017-05-15T15:31:09.620Z"},"homepage":"http://www.w3.org/TR/rdf-schema/","creatorIds":[],"contributorIds":[],"publisherIds":["5919c3eec10eca37ea33d41a"],"reviews":[{"body":"added","createdAt":{"$date":"2017-05-15T00:00:00.000Z"},"agentId":"58ecc25e134d30dfa9dbcb64"}],"versions":[{"name":"v2017-05-15","fileURL":"http://localhost:3333/dataset/lov/vocabs/rdfs/versions/2017-05-15.n3","issued":{"$date":"2017-05-15T15:31:09.620Z"},"classNumber":6,"propertyNumber":9,"instanceNumber":16,"datatypeNumber":0,"relMetadata":["http://purl.org/dc/elements/1.1/","http://www.w3.org/1999/02/22-rdf-syntax-ns#"],"relSpecializes":["http://www.w3.org/1999/02/22-rdf-syntax-ns#"],"relGeneralizes":["http://www.w3.org/1999/02/22-rdf-syntax-ns#"],"relExtends":["http://www.w3.org/1999/02/22-rdf-syntax-ns#"],"isReviewed":false,"reviewed":false}],"datasets":[]}
{"_id":{"$oid":"5919c7dec10eca37ea33d42c"},"uri":"http://www.w3.org/ns/ssn/","nsp":"https://www.w3.org/ns/ssn","prefix":"ssn","titles":[{"value":"Semantic Sensor Network Ontology","lang":"en","_id":{"$oid":"5919d34237b8e5416da03fe1"}}],"descriptions":[{"value":"This ontology describes sensors, actuators and observations, and related concepts. It does not describe domain concepts, time, locations, etc. these are intended to be included from other ontologies via OWL imports.","lang":"en","_id":{"$oid":"5919d34237b8e5416da03fe2"}}],"tags":["Vocabularies"],"createdInLOVAt":{"$date":"2017-05-15T00:00:00.000Z"},"lastModifiedInLOVAt":{"$date":"2017-05-15T00:00:00.000Z"},"issuedAt":{"$date":"2017-04-17T00:00:00.000Z"},"lastDeref":{"$date":"2017-05-15T15:31:10.130Z"},"commentDeref":"Problem while dereferencing or parsing the vocabulary","homepage":"https://www.w3.org/TR/vocab-ssn/","creatorIds":["5919c792c10eca37ea33d42b"],"contributorIds":[],"publisherIds":["5919c3eec10eca37ea33d41a"],"reviews":[{"body":"added","agentId":"58ecc25e134d30dfa9dbcb64","createdAt":{"$date":"2017-05-15T00:00:00.000Z"},"_id":{"$oid":"5919d34237b8e5416da03fe3"}}],"versions":[{"name":"v2017-05-15","fileURL":"http://localhost:3333/dataset/lov/vocabs/ssn/versions/2017-05-15.n3","issued":{"$date":"2017-05-15T15:31:10.130Z"},"classNumber":0,"propertyNumber":0,"instanceNumber":0,"datatypeNumber":0,"relMetadata":["http://purl.org/dc/terms/","http://purl.org/vocab/vann/","http://www.w3.org/1999/02/22-rdf-syntax-ns#","http://www.w3.org/2000/01/rdf-schema#","http://www.w3.org/2002/07/owl#"],"relImports":["http://www.w3.org/ns/sosa/"],"languageIds":["54b2be018433ca9ccf1c0e0c"],"isReviewed":false,"reviewed":false}],"datasets":[],"incomRelDisjunc":[],"incomRelEquivalent":[],"incomRelExtends":[],"incomRelGeneralizes":[],"incomRelImports":[],"incomRelMetadata":[],"incomRelSpecializes":[],"__v":1}
{"_id":{"$oid":"5919c9a3c10eca37ea33d432"},"uri":"http://mmisw.org/ont/cf/parameter","nsp":"http://mmisw.org/ont/cf/parameter","prefix":"cf","titles":[{"value":"Climate and Forecast (CF) Standard Names","lang":"en"}],"descriptions":[{"value":"This is an ontology representation for the Climate and Forecast (CF) standard names parameter vocabulary, which is intended for use with climate and forecast data in the atmosphere, surface and ocean domains. The registered version at the ORR captures every CF parameter as a SKOS concept.","lang":"en"}],"tags":["Vocabularies"],"createdInLOVAt":{"$date":"2017-05-15T00:00:00.000Z"},"lastModifiedInLOVAt":{"$date":"2017-05-15T16:12:16.083Z"},"issuedAt":{"$date":"2006-09-26T00:00:00.000Z"},"lastDeref":{"$date":"2017-05-15T16:12:16.083Z"},"homepage":"http://cfconventions.org/standard-names.html","creatorIds":["5919c994c10eca37ea33d431"],"contributorIds":[],"publisherIds":[],"reviews":[{"body":"added","createdAt":{"$date":"2017-05-15T00:00:00.000Z"},"agentId":"58ecc25e134d30dfa9dbcb64"}],"versions":[{"name":"v2017-05-15","fileURL":"http://localhost:3333/dataset/lov/vocabs/cf/versions/2017-05-15.n3","issued":{"$date":"2017-05-15T16:11:23.221Z"},"classNumber":1,"propertyNumber":1,"instanceNumber":2845,"datatypeNumber":0,"relMetadata":["http://mmisw.org/ont/mmi/20081020/ontologyMetadata/","http://omv.ontoware.org/2005/05/ontology#","http://purl.org/dc/elements/1.1/","http://www.w3.org/1999/02/22-rdf-syntax-ns#","http://www.w3.org/2000/01/rdf-schema#","http://www.w3.org/2004/02/skos/core#"],"relSpecializes":["http://www.w3.org/2000/01/rdf-schema#","http://www.w3.org/2004/02/skos/core#"],"relExtends":["http://www.w3.org/2001/XMLSchema#"],"isReviewed":false,"reviewed":false},{"name":"v2017-05-15","fileURL":"http://localhost:3333/dataset/lov/vocabs/cf/versions/2017-05-15.n3","issued":{"$date":"2017-05-15T16:10:21.965Z"},"classNumber":1,"propertyNumber":1,"instanceNumber":2845,"datatypeNumber":0,"relMetadata":["http://mmisw.org/ont/mmi/20081020/ontologyMetadata/","http://omv.ontoware.org/2005/05/ontology#","http://purl.org/dc/elements/1.1/","http://www.w3.org/1999/02/22-rdf-syntax-ns#","http://www.w3.org/2000/01/rdf-schema#","http://www.w3.org/2004/02/skos/core#"],"relSpecializes":["http://www.w3.org/2000/01/rdf-schema#","http://www.w3.org/2004/02/skos/core#"],"relExtends":["http://www.w3.org/2001/XMLSchema#"],"isReviewed":false,"reviewed":false},{"name":"v2017-05-15","fileURL":"http://localhost:3333/dataset/lov/vocabs/cf/versions/2017-05-15.n3","issued":{"$date":"2017-05-15T16:06:35.227Z"},"classNumber":1,"propertyNumber":1,"instanceNumber":2845,"datatypeNumber":0,"relMetadata":["http://mmisw.org/ont/mmi/20081020/ontologyMetadata/","http://omv.ontoware.org/2005/05/ontology#","http://purl.org/dc/elements/1.1/","http://www.w3.org/1999/02/22-rdf-syntax-ns#","http://www.w3.org/2000/01/rdf-schema#","http://www.w3.org/2004/02/skos/core#"],"relSpecializes":["http://www.w3.org/2000/01/rdf-schema#","http://www.w3.org/2004/02/skos/core#"],"relExtends":["http://www.w3.org/2001/XMLSchema#"],"isReviewed":false,"reviewed":false},{"name":"v2017-05-15","fileURL":"http://localhost:3333/dataset/lov/vocabs/cf/versions/2017-05-15.n3","issued":{"$date":"2017-05-15T16:02:19.943Z"},"classNumber":1,"propertyNumber":1,"instanceNumber":2845,"datatypeNumber":0,"relMetadata":["http://mmisw.org/ont/mmi/20081020/ontologyMetadata/","http://omv.ontoware.org/2005/05/ontology#","http://purl.org/dc/elements/1.1/","http://www.w3.org/1999/02/22-rdf-syntax-ns#","http://www.w3.org/2000/01/rdf-schema#","http://www.w3.org/2004/02/skos/core#"],"relSpecializes":["http://www.w3.org/2000/01/rdf-schema#","http://www.w3.org/2004/02/skos/core#"],"relExtends":["http://www.w3.org/2001/XMLSchema#"],"isReviewed":false,"reviewed":false},{"name":"v2017-05-15","fileURL":"http://localhost:3333/dataset/lov/vocabs/cf/versions/2017-05-15.n3","issued":{"$date":"2017-05-15T15:58:25.692Z"},"classNumber":1,"propertyNumber":1,"instanceNumber":2845,"datatypeNumber":0,"relMetadata":["http://mmisw.org/ont/mmi/20081020/ontologyMetadata/","http://omv.ontoware.org/2005/05/ontology#","http://purl.org/dc/elements/1.1/","http://www.w3.org/1999/02/22-rdf-syntax-ns#","http://www.w3.org/2000/01/rdf-schema#","http://www.w3.org/2004/02/skos/core#"],"relSpecializes":["http://www.w3.org/2000/01/rdf-schema#","http://www.w3.org/2004/02/skos/core#"],"relExtends":["http://www.w3.org/2001/XMLSchema#"],"isReviewed":false,"reviewed":false},{"name":"v2017-05-15","fileURL":"http://localhost:3333/dataset/lov/vocabs/cf/versions/2017-05-15.n3","issued":{"$date":"2017-05-15T15:55:38.088Z"},"classNumber":1,"propertyNumber":1,"instanceNumber":2845,"datatypeNumber":0,"relMetadata":["http://mmisw.org/ont/mmi/20081020/ontologyMetadata/","http://omv.ontoware.org/2005/05/ontology#","http://purl.org/dc/elements/1.1/","http://www.w3.org/1999/02/22-rdf-syntax-ns#","http://www.w3.org/2000/01/rdf-schema#","http://www.w3.org/2004/02/skos/core#"],"relSpecializes":["http://www.w3.org/2000/01/rdf-schema#","http://www.w3.org/2004/02/skos/core#"],"relExtends":["http://www.w3.org/2001/XMLSchema#"],"isReviewed":false,"reviewed":false},{"name":"v2017-05-15","fileURL":"http://localhost:3333/dataset/lov/vocabs/cf/versions/2017-05-15.n3","issued":{"$date":"2017-05-15T15:54:40.235Z"},"classNumber":1,"propertyNumber":1,"instanceNumber":2845,"datatypeNumber":0,"relMetadata":["http://mmisw.org/ont/mmi/20081020/ontologyMetadata/","http://omv.ontoware.org/2005/05/ontology#","http://purl.org/dc/elements/1.1/","http://www.w3.org/1999/02/22-rdf-syntax-ns#","http://www.w3.org/2000/01/rdf-schema#","http://www.w3.org/2004/02/skos/core#"],"relSpecializes":["http://www.w3.org/2000/01/rdf-schema#","http://www.w3.org/2004/02/skos/core#"],"relExtends":["http://www.w3.org/2001/XMLSchema#"],"isReviewed":false,"reviewed":false},{"name":"v2017-05-15","fileURL":"http://localhost:3333/dataset/lov/vocabs/cf/versions/2017-05-15.n3","issued":{"$date":"2017-05-15T15:51:17.097Z"},"classNumber":1,"propertyNumber":1,"instanceNumber":2845,"datatypeNumber":0,"relMetadata":["http://mmisw.org/ont/mmi/20081020/ontologyMetadata/","http://omv.ontoware.org/2005/05/ontology#","http://purl.org/dc/elements/1.1/","http://www.w3.org/1999/02/22-rdf-syntax-ns#","http://www.w3.org/2000/01/rdf-schema#","http://www.w3.org/2004/02/skos/core#"],"relSpecializes":["http://www.w3.org/2000/01/rdf-schema#","http://www.w3.org/2004/02/skos/core#"],"relExtends":["http://www.w3.org/2001/XMLSchema#"],"isReviewed":false,"reviewed":false},{"name":"v2017-05-15","fileURL":"http://localhost:3333/dataset/lov/vocabs/cf/versions/2017-05-15.n3","issued":{"$date":"2017-05-15T15:49:32.670Z"},"classNumber":1,"propertyNumber":1,"instanceNumber":2845,"datatypeNumber":0,"relMetadata":["http://mmisw.org/ont/mmi/20081020/ontologyMetadata/","http://omv.ontoware.org/2005/05/ontology#","http://purl.org/dc/elements/1.1/","http://www.w3.org/1999/02/22-rdf-syntax-ns#","http://www.w3.org/2000/01/rdf-schema#","http://www.w3.org/2004/02/skos/core#"],"relSpecializes":["http://www.w3.org/2000/01/rdf-schema#","http://www.w3.org/2004/02/skos/core#"],"relExtends":["http://www.w3.org/2001/XMLSchema#"],"isReviewed":false,"reviewed":false},{"name":"v2017-05-15","fileURL":"http://localhost:3333/dataset/lov/vocabs/cf/versions/2017-05-15.n3","issued":{"$date":"2017-05-15T15:43:59.059Z"},"classNumber":1,"propertyNumber":1,"instanceNumber":2845,"datatypeNumber":0,"relMetadata":["http://mmisw.org/ont/mmi/20081020/ontologyMetadata/","http://omv.ontoware.org/2005/05/ontology#","http://purl.org/dc/elements/1.1/","http://www.w3.org/1999/02/22-rdf-syntax-ns#","http://www.w3.org/2000/01/rdf-schema#","http://www.w3.org/2004/02/skos/core#"],"relSpecializes":["http://www.w3.org/2000/01/rdf-schema#","http://www.w3.org/2004/02/skos/core#"],"relExtends":["http://www.w3.org/2001/XMLSchema#"],"isReviewed":false,"reviewed":false},{"name":"v2017-05-15","fileURL":"http://localhost:3333/dataset/lov/vocabs/cf/versions/2017-05-15.n3","issued":{"$date":"2017-05-15T15:31:08.207Z"},"classNumber":0,"propertyNumber":0,"instanceNumber":0,"datatypeNumber":0,"relMetadata":["http://mmisw.org/ont/mmi/resourcetype/","http://www.w3.org/1999/02/22-rdf-syntax-ns#","http://www.w3.org/2000/01/rdf-schema#"],"isReviewed":false,"reviewed":false},{"name":"v2017-05-15","fileURL":"http://localhost:3333/dataset/lov/vocabs/cf/versions/2017-05-15.n3","issued":{"$date":"2017-05-15T16:12:16.083Z"},"classNumber":1,"propertyNumber":1,"instanceNumber":2845,"datatypeNumber":0,"relMetadata":["http://mmisw.org/ont/mmi/20081020/ontologyMetadata/","http://omv.ontoware.org/2005/05/ontology#","http://purl.org/dc/elements/1.1/","http://www.w3.org/1999/02/22-rdf-syntax-ns#","http://www.w3.org/2000/01/rdf-schema#","http://www.w3.org/2004/02/skos/core#"],"relSpecializes":["http://www.w3.org/2000/01/rdf-schema#","http://www.w3.org/2004/02/skos/core#"],"relExtends":["http://www.w3.org/2001/XMLSchema#"],"isReviewed":false,"reviewed":false}],"datasets":[]}
